run_id,seed,map,agents_total,batch_size,makespan,wall_clock_s
N100_bs50,42,new_try/32x32_allEntry.map,50,50,3892,0.534
N100_bs50,42,new_try/32x32_allEntry.map,100,100,2070,0.351
N100_bs50,42,new_try/32x32_allEntry.map,150,150,1377,0.283
N100_bs50,42,new_try/32x32_allEntry.map,200,200,1076,0.265
N100_bs50,42,new_try/32x32_allEntry.map,250,250,799,0.218
N100_bs50,42,new_try/32x32_allEntry.map,50,50,3892,0.514
N100_bs50,42,new_try/32x32_allEntry.map,100,100,2070,0.345
N100_bs50,42,new_try/32x32_allEntry.map,150,150,1377,0.281
N100_bs50,42,new_try/32x32_allEntry.map,150,150,1466,0.301
N100_bs50,42,new_try/32x32_allEntry.map,200,200,1076,0.268
N100_bs50,42,new_try/32x32_allEntry.map,100,100,2070,0.348
N100_bs100_near,42,new_try/32x32_allEntry.map,50,50,2308,3.553,4,35,1
N100_bs100_near,42,new_try/32x32_allEntry.map,50,50,2308,2.000,4,25,1,
N100_bs100_near,42,new_try/32x32_allEntry.map,100,100,1129,61.715,4,25,1,"{""wave"": 19, ""phase"": ""B"", ""agents"": 100, ""active"": 68}"
N100_bs100_near,42,new_try/32x32_allEntry.map,50,50,2317,2.415,4,25,1,3,6,20,35,
N100_bs100_near,42,new_try/32x32_allEntry.map,50,50,2290,2.327,4,25,1,3,15,20,35,
N100_bs100_near,42,new_try/32x32_allEntry.map,50,50,2278,2.228,4,25,1,3,20,20,35,
N100_bs100_near,42,new_try/32x32_allEntry.map,50,50,2276,2.172,4,20,1,4,20,15,30,
N100_bs100_near,42,new_try/32x32_allEntry.map,50,50,2276,2.157,4,25,1,4,20,15,30,
N100_bs100_near,42,new_try/32x32_allEntry.map,50,50,2276,2.161,4,25,1,4,20,15,35,
N100_bs100_near,42,new_try/32x32_allEntry.map,50,50,2278,2.221,4,25,1,3,20,15,35,
N100_bs100_near,42,new_try/32x32_allEntry.map,50,50,2250,2.180,4,25,1,3,22,15,35,
N100_bs100_near,42,new_try/32x32_allEntry.map,100,100,1323,1.894,4,25,1,4,35,15,35,
N100_bs100_near,42,new_try/32x32_allEntry.map,50,50,2313,2.047,4,25,1,4,35,15,35,
N100_bs100_near,42,new_try/32x32_allEntry.map,150,150,869,61.712,4,25,1,4,50,15,35,
N100_bs100_near,42,new_try/32x32_allEntry.map,150,150,970,1.718,4,25,1,4,60,15,35,
N100_bs100_near,42,new_try/32x32_allEntry.map,150,150,970,1.708,4,25,1,4,60,15,35,
N100_bs100_near,240,new_try/32x32_allEntry.map,150,150,977,1.695,4,25,1,4,60,15,35,
N100_bs100_near,240,new_try/32x32_allEntry.map,150,150,977,1.682,4,25,1,4,60,15,35,
N100_bs100_near,240,new_try/32x32_allEntry.map,150,150,968,1.678,4,25,1,4,63,15,35,
N100_bs100_near,240,new_try/32x32_allEntry.map,150,150,954,1.696,4,25,1,4,65,15,35,
N100_bs100_near,240,new_try/32x32_allEntry.map,150,150,999,1.664,4,25,1,4,68,15,35,
N100_bs100_near,240,new_try/32x32_allEntry.map,150,150,954,1.667,4,25,1,4,65,15,35,
N100_bs100_near,240,new_try/32x32_allEntry.map,50,50,2264,1.863,4,25,1,4,50,15,35,
N100_bs100_near,240,new_try/32x32_allEntry.map,100,100,1304,1.877,4,25,1,4,35,15,35,
N100_bs100_near,240,new_try/32x32_allEntry.map,100,100,1300,1.931,4,25,1,4,36,15,35,
N100_bs100_near,240,new_try/32x32_allEntry.map,100,100,1309,1.906,4,25,1,4,38,15,35,
N100_bs100_near,240,new_try/32x32_allEntry.map,100,100,1300,1.870,4,25,1,4,36,15,35,
N100_bs100_near,240,new_try/32x32_allEntry.map,200,200,619,61.665,4,25,1,3,50,15,35,
N100_bs100_near,240,new_try/32x32_allEntry.map,200,200,619,61.669,4,25,1,3,50,15,35,
N100_bs100_near,240,new_try/32x32_allEntry.map,200,200,661,61.492,5,8,1,6,80,15,35,
N100_bs100_near,66,new_try/32x32_allEntry.map,200,200,632,61.541,5,8,1,4,80,15,35,
N100_bs100_near,66,new_try/32x32_allEntry.map,100,100,1300,1.630,5,8,1,4,80,15,35,
N100_bs100_near,66,new_try/32x32_allEntry.map,150,150,960,1.618,5,8,1,4,80,15,35,
N100_bs100_near,66,new_try/32x32_allEntry.map,50,50,2276,1.811,5,8,1,4,80,15,35,
N100_bs100_near,30,new_try/32x32_allEntry.map,100,50,49,60.158,5,4,1,4,20,15,35,
N100_bs100_near,24,new_try/32x32_allEntry.map,100,50,56,60.119,5,4,1,4,0,15,50,
N100_bs100_near,24,new_try/32x32_allEntry.map,100,50,56,60.119,5,4,1,4,0,15,50,
N100_bs100_near,24,new_try/32x32_allEntry.map,100,50,56,60.120,5,4,1,4,0,15,50,
N100_bs100_near,24,new_try/32x32_allEntry.map,100,50,1126,61.600,5,4,1,4,0,15,50,
N100_bs100_near,24,new_try/32x32_allEntry.map,100,50,1087,61.936,4,25,1,3,40,15,50,
N100_bs100_near,32,new_try/32x32_allEntry.map,100,50,1147,61.827,4,25,1,3,50,10,50,
N100_bs100_near,320,new_try/32x32_allEntry.map,100,50,1290,1.862,4,20,1,3,50,10,50,
N100_bs100_near,320,new_try/32x32_allEntry.map,100,50,1290,2.106,4,20,1,3,50,20,50,
N100_bs100_near,320,new_try/32x32_allEntry.map,150,50,854,61.583,4,20,1,3,100,20,50,
N100_bs100_near,320,new_try/32x32_allEntry.map,150,50,940,1.462,4,20,1,3,150,20,50,
N100_bs100_near,120,new_try/32x32_allEntry.map,150,50,998,1.579,5,15,1,3,120,20,20,
N100_bs100_near,120,new_try/32x32_allEntry.map,150,50,980,1.540,5,15,1,3,130,20,20,
N100_bs100_near,120,new_try/32x32_allEntry.map,150,50,980,1.519,4,20,1,3,130,20,20,
N100_bs100_near,230,new_try/32x32_allEntry.map,150,50,965,1.514,4,20,1,3,130,20,20,
N100_bs100_near,35,new_try/32x32_allEntry.map,150,50,970,1.637,4,20,1,3,130,20,20,
N100_bs100_near,35,new_try/32x32_allEntry.map,200,50,638,61.469,4,20,1,3,130,20,20,
N100_bs100_near,35,new_try/32x32_allEntry.map,200,50,896,1.473,5,20,1,3,150,20,20,
N100_bs100_near,35,new_try/32x32_allEntry.map,150,50,988,1.611,5,15,1,3,120,20,20,
N100_bs100_near,35,new_try/32x32_allEntry.map,150,100,988,1.558,5,15,1,3,120,20,20,
N100_bs100_near,35,new_try/32x32_allEntry.map,200,100,896,1.494,5,20,1,3,150,20,20,
N100_bs100_near,35,new_try/32x32_allEntry.map,200,100,896,1.485,5,20,1,3,150,20,20,
N100_bs100_near,35,new_try/32x32_allEntry.map,200,150,896,1.540,5,20,1,3,150,20,20,
N100_bs100_near,37,new_try/32x32_allEntry.map,200,150,622,61.521,5,10,1,3,120,20,20,
N100_bs100_near,37,new_try/32x32_allEntry.map,300,150,511,61.420,5,10,1,3,120,20,20,
N100_bs100_near,37,new_try/32x32_allEntry.map,50,50,2219,1.966,4,50,1,3,150,20,20,
N100_bs100_near,37,new_try/32x32_allEntry.map,100,50,1275,1.582,4,50,1,3,150,20,20,
N100_bs100_near,37,new_try/32x32_allEntry.map,100,100,1275,1.584,4,50,1,3,150,20,20,
N100_bs100_near,37,new_try/32x32_allEntry.map,100,100,1275,1.580,4,50,1,3,100,20,20,
N100_bs100_near,37,new_try/32x32_allEntry.map,100,100,1274,1.727,4,50,1,3,80,20,20,
N100_bs100_near,32,new_try/32x32_allEntry.map,100,100,1275,1.654,4,50,1,3,95,20,20,
N100_bs100_near,32,new_try/32x32_allEntry.map,100,50,1275,1.598,4,50,1,3,95,20,20,
N100_bs100_near,32,new_try/32x32_allEntry.map,150,50,863,61.605,4,50,1,3,95,20,20,
N100_bs100_near,320,new_try/32x32_allEntry.map,100,50,1689,115.847,4,50,1,3,0,20,20,
N100_bs100_near,320,new_try/32x32_allEntry.map,100,50,1617,62.922,4,50,1,3,0,20,20,2,
N100_bs100_near,320,new_try/32x32_allEntry.map,100,50,1617,63.094,4,50,1,3,0,20,20,2,
N100_bs100_near,320,new_try/32x32_allEntry.map,100,50,1617,62.941,4,50,1,3,0,20,20,2,
N100_bs100_near,320,new_try/32x32_allEntry.map,100,50,1803,94.629,4,50,1,3,0,20,20,2,
N100_bs100_near,320,new_try/32x32_allEntry.map,100,30,1038,3.163,4,50,1,3,0,20,20,2,
N100_bs100_near,320,new_try/32x32_allEntry.map,100,50,2005,3.322,4,25,1,3,10,20,20,2,
N100_bs100_near,320,new_try/32x32_allEntry.map,100,50,2005,3.336,4,50,1,3,10,20,20,2,
N100_bs100_near,320,new_try/32x32_allEntry.map,100,20,909,3.726,4,50,1,3,5,20,20,2,
N100_bs100_near,320,new_try/32x32_allEntry.map,50,50,2169,2.617,4,50,1,3,5,20,20,2,
N100_bs100_near,320,new_try/32x32_allEntry.map,50,40,2341,2.686,4,50,1,3,5,20,20,2,
N100_bs100_near,320,new_try/32x32_allEntry.map,50,50,2169,2.618,4,50,1,3,5,20,20,2,
N100_bs100_near,320,new_try/32x32_allEntry.map,50,40,2341,2.631,4,50,1,3,5,20,20,2,
N100_bs100_near,320,new_try/32x32_allEntry.map,50,30,3074,3.845,4,50,1,3,5,20,20,2,
N100_bs100_near,320,new_try/32x32_allEntry.map,50,30,3074,3.864,4,50,1,3,5,20,20,2,
N100_bs100_near,320,new_try/32x32_allEntry.map,50,20,2254,4.226,4,50,1,3,5,20,20,2,
N100_bs100_near,320,new_try/32x32_allEntry.map,150,10,387,63.984,4,50,1,3,10,20,20,2,
N100_bs100_near,320,new_try/32x32_allEntry.map,200,200,576,61.866,4,50,1,3,20,20,20,2,
N100_bs100_near,320,new_try/32x32_allEntry.map,200,20,159,61.745,4,50,1,3,50,20,20,2,
