agent_id,current_location,goal_1,goal_2,time
,,183,157,
,,505,521,
,,898,908,
,,319,886,
,,782,270,
,,643,986,
,,600,627,
,,361,148,
,,33,666,
,,369,366,
,,950,172,
,,518,828,
,,218,393,
,,408,161,
,,204,891,
,,362,536,
,,42,647,
,,316,171,
,,581,187,
,,995,889,
,,443,867,
,,108,378,
,,579,668,
,,236,306,
,,339,140,
,,971,298,
,,724,331,
,,50,239,
,,834,961,
,,404,365,
,,162,593,
,,649,706,
,,695,444,
,,373,471,
,,391,672,
,,821,1019,
,,537,859,
,,954,947,
,,100,900,
,,329,188,
,,749,449,
,,615,539,
,,199,235,
,,358,850,
,,370,416,
,,705,802,
,,526,71,
,,1001,318,
,,4,617,
,,403,824,
,,497,1003,
,,653,520,
,,767,145,
,,91,117,
,,462,21,
,,858,873,
,,437,788,
,,538,529,
,,673,684,
,,143,1000,
,,152,215,
,,698,293,
,,213,601,
,,356,81,
,,737,309,
,,426,823,
,,46,190,
,,561,694,
,,31,217,
,,124,279,
,,738,359,
,,392,390,
,,469,629,
,,969,210,
,,10,351,
,,8,851,
,,196,878,
,,286,616,
,,66,860,
,,113,313,
,,863,288,
,,736,231,
,,376,592,
,,633,395,
,,651,958,
,,786,918,
,,249,515,
,,12,394,
,,464,468,
,,605,87,
,,250,327,
,,491,540,
,,726,440,
,,774,185,
,,380,96,
,,486,558,
,,906,499,
,,302,342,
,,504,570,
,,120,704,
,,572,928,
,,528,297,
,,301,638,
,,642,770,
,,839,606,
,,441,1002,
,,881,789,
,,273,785,
,,506,596,
,,664,544,
,,389,701,
,,959,283,
,,519,212,
,,111,586,
,,260,624,
,,611,825,
,,703,29,
,,195,427,
,,448,607,
,,813,72,
,,436,507,
,,207,240,
,,882,1007,
,,781,357,
,,639,604,
,,435,760,
,,720,730,
,,803,896,
,,341,588,
,,262,714,
,,379,559,
,,160,739,
,,225,976,
,,482,728,
,,670,84,
,,60,894,
,,228,495,
,,750,535,
,,163,513,
,,745,872,
,,880,621,
,,304,272,
,,905,432,
,,118,43,
,,747,966,
,,337,710,
,,690,457,
,,984,910,
,,48,180,
,,371,321,
,,459,998,
,,198,769,
,,178,746,
,,619,80,
,,230,229,
,,352,269,
,,164,763,
,,381,864,
,,582,447,
,,415,826,
,,156,566,
,,840,944,
,,983,37,
,,142,216,
,,252,830,
,,527,5,
,,879,88,
,,989,628,
,,147,848,
,,485,280,
,,618,811,
,,555,55,
,,741,822,
,,93,723,
,,565,257,
,,417,122,
,,274,901,
,,135,89,
,,59,911,
,,208,994,
,,102,3,
,,956,689,
,,603,267,
,,112,243,
,,127,837,
,,51,516,
,,1010,681,
,,57,322,
,,484,833,
,,493,132,
,,510,827,
,,1014,659,
,,282,854,
,,388,350,
,,220,291,
,,75,861,
,,65,452,
,,599,299,
,,992,176,
,,534,933,
,,1015,246,
,,116,355,
,,571,276,
,,418,323,
,,137,265,
,,139,890,
,,662,494,
,,697,939,
,,778,975,
,,550,205,
,,733,423,
,,590,69,
,,842,764,
,,814,791,
,,560,461,
,,779,792,
,,17,345,
,,203,414,
,,965,6,
,,904,255,
,,970,129,
,,680,23,
,,151,131,
,,876,82,
,,312,95,
,,222,326,
,,278,413,
,,852,776,
,,360,36,
,,885,766,
,,719,502,
,,759,247,
,,401,41,
,,328,598,
,,943,173,
,,354,344,
,,816,762,
,,729,56,
,,756,640,
,,138,295,
,,556,856,
,,315,189,
,,119,829,
,,679,635,
,,685,696,
,,727,843,
,,877,27,
,,121,857,
,,912,660,
,,715,382,
,,26,271,
,,223,266,
,,106,982,
,,716,997,
,,748,562,
,,661,289,
,,801,405,
,,16,364,
,,587,937,
,,281,466,
,,412,174,
,,595,52,
,,1020,165,
,,626,541,
,,24,154,
,,227,58,
,,807,348,
,,717,576,
,,314,434,
,,557,1017,
,,564,307,
,,862,589,
,,1016,377,
,,489,62,
,,481,68,
,,757,632,
,,849,711,
,,374,85,
,,964,474,
,,219,972,
,,946,473,
,,835,870,
,,483,934,
,,875,742,
,,987,275,
,,450,990,
,,865,456,
,,583,454,
,,1008,153,
,,772,893,
,,991,927,
,,897,284,
,,498,765,
,,945,325,
,,784,755,
,,620,888,
,,1005,949,
,,166,935,
,,919,431,
,,105,398,
,,107,292,
,,960,1022,
,,245,19,
,,251,636,
,,248,101,
,,771,985,
,,957,334,
,,406,258,
,,308,637,
,,869,115,
,,1009,718,
,,285,810,
,,687,130,
,,630,968,
,,170,702,
,,648,831,
,,409,967,
,,201,34,
,,542,383,
,,569,568,
,,439,874,
,,574,169,
,,76,545,
,,487,744,
,,209,798,
,,149,650,
,,920,674,
,,996,465,
,,490,977,
,,179,386,
,,677,914,
,,652,70,
,,795,99,
,,296,470,
,,177,79,
,,940,999,
,,806,895,
,,28,438,
,,523,921,
,,1011,39,
,,597,925,
,,407,35,
,,508,805,
,,688,917,
,,993,675,
,,9,546,
,,931,907,
,,446,938,
,,77,780,
,,134,0,
,,531,804,
,,953,343,
,,951,902,
,,324,979,
,,244,915,
,,167,11,
,,54,585,
,,478,563,
,,1012,191,
,,221,610,
,,686,294,
,,800,623,
,,363,963,
,,73,631,
,,671,512,
,,290,442,
,,15,458,
,,797,110,
,,740,238,
,,18,424,
,,721,488,
,,577,913,
,,90,492,
,,700,1004,
,,421,214,
,,330,832,
,,614,104,
,,916,226,
,,819,38,
,,641,472,
,,530,847,
,,654,613,
,,751,844,
,,808,678,
,,866,549,
,,645,820,
,,500,13,
,,396,713,
,,663,809,
,,768,263,
,,609,656,
,,433,384,
,,44,594,
,,335,602,
,,722,543,
,,368,25,
,,158,175,
,,846,114,
,,53,125,
,,567,923,
,,515,110,
,,830,0,
,,442,54,
,,401,921,
,,593,26,
,,23,621,
,,129,89,
,,582,534,
,,263,102,
,,1020,53,
,,41,1017,
,,771,687,
,,908,540,
,,175,106,
,,666,705,
,,675,1008,
,,982,570,
,,729,626,
,,977,713,
,,530,185,
,,183,380,
,,384,272,
,,215,520,
,,811,1007,
,,466,414,
,,7,271,
,,135,747,
,,9,984,
,,894,500,
,,8,55,
,,641,756,
,,759,651,
,,905,280,
,,995,416,
,,68,15,
,,945,671,
,,356,968,
,,875,328,
,,190,996,
,,595,58,
,,36,170,
,,220,37,
,,859,885,
,,180,901,
,,832,342,
,,1004,652,
,,258,255,
,,991,603,
,,99,703,
,,191,198,
,,1011,620,
,,351,309,
,,91,997,
,,461,435,
,,269,688,
,,990,798,
,,17,52,
,,363,848,
,,1000,726,
,,910,481,
,,169,721,
,,424,720,
,,222,598,
,,133,642,
,,138,199,
,,928,93,
,,285,572,
,,768,538,
,,842,427,
,,165,938,
,,789,396,
,,821,364,
,,776,289,
,,251,321,
,,610,800,
,,284,63,
,,519,588,
,,911,822,
,,446,744,
,,163,479,
,,86,306,
,,4,577,
,,807,329,
,,755,576,
,,115,278,
,,631,246,
,,348,283,
,,695,986,
,,382,1022,
,,998,75,
,,69,544,
,,684,678,
,,71,166,
,,549,316,
,,43,21,
,,632,462,
,,907,537,
,,618,513,
,,334,360,
,,35,72,
,,291,210,
,,178,873,
,,408,487,
,,379,762,
,,373,877,
,,536,816,
,,489,66,
,,1001,440,
,,763,6,
,,471,76,
,,963,543,
,,73,352,
,,979,767,
,,502,826,
,,661,432,
,,916,780,
,,882,993,
,,217,324,
,,564,643,
,,5,847,
,,331,482,
,,950,245,
,,354,723,
,,134,609,
,,505,716,
,,851,361,
,,456,774,
,,167,223,
,,856,206,
,,109,270,
,,679,681,
,,781,377,
,,250,619,
,,745,896,
,,739,315,
,,560,350,
,,784,355,
,,38,672,
,,117,604,
,,599,940,
,,428,365,
,,423,164,
,,964,888,
,,140,359,
,,13,207,
,,130,131,
,,312,863,
,,225,29,
,,276,953,
,,556,512,
,,330,457,
,,497,542,
,,730,369,
,,923,229,
,,307,654,
,,368,927,
,,748,208,
,,521,124,
,,797,371,
,,866,153,
,,981,685,
,,846,107,
,,958,213,
,,992,865,
,,25,358,
,,740,673,
,,677,614,
,,508,389,
,,65,227,
,,1010,398,
,,969,47,
,,95,154,
,,539,568,
,,449,1023,
,,85,176,
,,824,801,
,,187,458,
,,119,444,
,,426,418,
,,19,452,
,,132,617,
,,326,121,
,,571,395,
,,785,518,
,,633,403,
,,715,314,
,,394,906,
,,302,319,
,,989,323,
,,44,891,
,,804,972,
,,137,663,
,,81,235,
,,478,727,
,,491,313,
,,327,914,
,,579,606,
,,700,696,
,,949,149,
,,529,24,
,,664,870,
,,469,343,
,,719,484,
,,172,266,
,,971,600,
,,56,965,
,,624,279,
,,957,468,
,,586,46,
,,84,499,
,,864,860,
,,835,492,
,,557,267,
,,357,782,
,,34,746,
,,611,252,
,,895,171,
,,1005,108,
,,810,659,
,,627,850,
,,857,813,
,,561,752,
,,310,113,
,,806,506,
,,82,602,
,,12,706,
,,897,656,
,,288,710,
,,833,413,
,,1,447,
,,795,386,
,,987,861,
,,282,751,
,,581,694,
,,142,722,
,,970,139,
,,741,143,
,,583,443,
,,3,849,
,,433,275,
,,647,639,
,,840,485,
,,558,925,
,,961,887,
,,834,101,
,,238,231,
,,273,507,
,,736,152,
,,345,649,
,,490,514,
,,839,477,
,,879,880,
,,637,209,
,,425,409,
,,701,898,
,,939,188,
,,488,786,
,,662,472,
,,760,680,
,,127,114,
,,337,322,
,,947,698,
,,156,470,
,,441,605,
,,623,951,
,,676,592,
,,717,814,
,,421,335,
,,174,28,
,,738,118,
,,391,1015,
,,983,635,
,,407,808,
,,900,87,
,,728,867,
,,645,516,
,,112,10,
,,954,966,
,,1019,297,
,,336,376,
,,318,791,
,,96,724,
,,1014,697,
,,292,510,
,,708,18,
,,221,381,
,,750,148,
,,628,788,
,,805,668,
,,827,249,
,,179,636,
,,559,912,
,,959,244,
,,177,718,
,,202,545,
,,546,1021,
,,615,27,
,,967,994,
,,733,160,
,,569,214,
,,388,820,
,,874,915,
,,944,298,
,,60,660,
,,702,913,
,,216,550,
,,585,218,
,,105,274,
,,437,51,
,,308,122,
,,48,412,
,,204,917,
,,201,226,
,,31,918,
,,844,243,
,,390,59,
,,749,803,
,,240,374,
,,943,837,
,,293,779,
,,338,574,
,,831,195,
,,526,383,
,,173,975,
,,1009,434,
,,212,168,
,,802,589,
,,935,904,
,,689,486,
,,737,931,
,,528,299,
,,653,934,
,,366,296,
,,766,344,
,,769,562,
,,946,527,
,,203,70,
,,294,162,
,,670,772,
,,711,714,
,,483,893,
,,770,120,
,,590,495,
,,825,100,
,,370,554,
,,341,862,
,,565,792,
,,869,872,
,,607,587,
,,248,205,
,,393,281,
,,976,1012,
,,304,417,
,,265,196,
,,596,778,
,,42,674,
,,286,454,
,,597,764,
,,404,189,
,,889,397,
,,362,260,
,,1003,406,
,,630,493,
,,563,33,
,,937,1002,
,,765,420,
,,77,960,
,,464,419,
,,474,494,
,,638,378,
,,116,62,
,,956,50,
,,902,566,
,,555,920,
,,999,829,
,,819,535,
,,80,104,
,,239,219,
,,465,151,
,,876,111,
,,325,247,
,,125,473,
,,640,450,
,,90,498,
,,145,616,
,,933,523,
,,881,415,
,,290,439,
,,228,236,
,,79,629,
,,890,504,
,,531,648,
,,613,757,
,,11,650,
,,161,704,
,,147,57,
,,262,436,
,,88,854,
,,392,686,
,,448,339,
,,281,71,
,,786,710,
,,47,431,
,,302,371,
,,157,588,
,,243,132,
,,15,403,
,,12,292,
,,443,437,
,,1017,337,
,,979,244,
,,203,4,
,,918,927,
,,679,745,
,,741,678,
,,613,133,
,,1003,953,
,,546,939,
,,188,687,
,,498,638,
,,956,800,
,,780,642,
,,247,535,
,,145,938,
,,774,418,
,,689,330,
,,585,995,
,,549,742,
,,142,321,
,,481,55,
,,442,671,
,,465,65,
,,960,76,
,,586,70,
,,95,810,
,,598,104,
,,262,910,
,,87,472,
,,464,308,
,,923,417,
,,954,685,
,,434,425,
,,60,152,
,,502,323,
,,500,504,
,,649,886,
,,19,470,
,,865,34,
,,615,407,
,,135,397,
,,189,170,
,,730,13,
,,1000,647,
,,420,35,
,,134,872,
,,982,432,
,,204,198,
,,846,290,
,,864,798,
,,446,168,
,,617,415,
,,523,529,
,,89,904,
,,784,987,
,,640,164,
,,1005,278,
,,1002,25,
,,721,946,
,,964,348,
,,508,473,
,,949,366,
,,313,11,
,,851,266,
,,519,633,
,,778,18,
,,492,357,
,,750,111,
,,1009,599,
,,382,600,
,,806,607,
,,176,494,
,,641,814,
,,702,342,
,,440,882,
,,571,577,
,,267,593,
,,185,804,
,,563,59,
,,901,720,
,,785,163,
,,383,645,
,,813,165,
,,90,309,
,,662,115,
,,713,976,
,,283,257,
,,609,958,
,,275,207,
,,180,120,
,,803,506,
,,611,559,
,,161,856,
,,624,874,
,,521,505,
,,3,394,
,,782,414,
,,569,125,
,,746,816,
,,324,933,
,,331,749,
,,668,791,
,,99,304,
,,718,373,
,,381,852,
,,928,477,
,,187,216,
,,149,821,
,,9,737,
,,318,210,
,,595,740,
,,528,583,
,,354,386,
,,280,419,
,,660,579,
,,497,356,
,,834,106,
,,113,881,
,,538,561,
,,488,462,
,,230,299,
,,652,947,
,,471,314,
,,121,676,
,,248,858,
,,377,637,
,,900,8,
,,24,319,
,,427,722,
,,101,628,
,,950,861,
,,77,41,
,,540,91,
,,991,289,
,,830,392,
,,405,925,
,,889,779,
,,228,984,
,,567,829,
,,823,352,
,,772,334,
,,530,880,
,,117,686,
,,495,789,
,,848,590,
,,510,714,
,,972,100,
,,398,158,
,,122,961,
,,650,270,
,,619,42,
,,630,166,
,,673,859,
,,973,896,
,,711,760,
,,863,439,
,,355,541,
,,108,119,
,,733,826,
,,428,986,
,,977,842,
,,970,837,
,,390,409,
,,912,968,
,,797,728,
,,601,293,
,,820,917,
,,75,58,
,,28,424,
,,365,1021,
,,965,86,
,,162,179,
,,52,338,
,,499,631,
,,312,574,
,,388,384,
,,118,596,
,,208,765,
,,898,771,
,,911,748,
,,512,570,
,,401,701,
,,564,894,
,,84,610,
,,250,839,
,,527,906,
,,1010,1,
,,566,209,
,,284,539,
,,478,873,
,,755,456,
,,666,632,
,,802,214,
,,350,444,
,,131,618,
,,706,576,
,,656,664,
,,171,50,
,,238,416,
,,808,776,
,,364,139,
,,594,724,
,,809,1020,
,,486,483,
,,191,174,
,,329,715,
,,739,236,
,,684,466,
,,1023,265,
,,832,17,
,,1019,351,
,,46,919,
,,562,807,
,,452,201,
,,231,339,
,,169,788,
,,294,605,
,,587,849,
,,514,867,
,,487,885,
,,37,404,
,,62,768,
,,636,220,
,,206,763,
,,959,316,
,,219,957,
,,759,1015,
,,68,983,
,,920,1014,
,,269,81,
,,875,196,
,,306,291,
,,565,751,
,,491,295,
,,252,627,
,,379,1012,
,,1008,51,
,,825,544,
,,703,869,
,,130,963,
,,568,531,
,,485,246,
,,543,10,
,,105,396,
,,39,140,
,,31,33,
,,288,516,
,,557,195,
,,441,110,
,,21,82,
,,80,344,
,,154,298,
,,542,931,
,,57,406,
,,229,435,
,,890,895,
,,296,44,
,,747,756,
,,148,199,
,,5,729,
,,223,202,
,,659,272,
,,792,301,
,,648,218,
,,558,827,
,,831,137,
,,555,96,
,,709,273,
,,913,454,
,,177,448,
,,990,221,
,,156,147,
,,866,345,
,,85,888,
,,368,781,
,,173,700,
,,479,822,
,,1011,616,
,,621,862,
,,537,854,
,,620,736,
,,285,708,
,,795,361,
,,914,315,
,,421,994,
,,240,322,
,,907,937,
,,143,56,
,,458,695,
,,408,468,
,,447,819,
,,167,606,
,,878,38,
,,653,360,
,,426,63,
,,902,767,
,,341,213,
,,934,310,
,,518,581,
,,727,274,
,,879,704,
,,225,343,
,,526,688,
,,423,335,
,,951,160,
,,966,981,
,,921,770,
,,639,672,
,,53,276,
,,681,88,
,,327,107,
,,449,73,
,,680,996,
,,36,490,
,,359,363,
,,380,1004,
,,694,602,
,,654,992,
,,944,389,
,,205,719,
,,336,744,
,,461,840,
,,897,124,
,,766,870,
,,971,860,
,,66,891,
,,457,109,
,,545,114,
,,226,190,
,,489,623,
,,592,391,
,,717,438,
,,997,824,
,,513,493,
,,998,413,
,,16,102,
,,843,550,
,,328,705,
,,1016,6,
,,127,915,
,,235,857,
,,833,362,
,,520,326,
,,940,255,
,,670,811,
,,661,279,
,,54,249,
,,239,828,
,,129,436,
,,474,762,
,,696,716,
,,151,482,
,,263,1022,
,,572,603,
,,752,893,
,,43,515,
,,835,935,
,,376,258,
,,27,850,
,,469,260,
,,93,412,
,,887,597,
,,738,1007,
,,138,1001,
,,358,908,
,,993,677,
,,626,769,
,,395,172,
,,507,999,
,,629,985,
,,369,251,
,,217,967,
,,675,23,
,,726,635,
,,943,433,
,,801,757,
,,484,805,
,,271,325,
,,764,876,
,,29,116,
,,614,534,
,,877,227,
,,450,643,
,,663,847,
,,604,589,
,,307,112,
,,72,7,
,,651,674,
,,690,698,
,,222,178,
,,153,183,
,,221,143,
,,111,545,
,,174,825,
,,971,720,
,,478,157,
,,407,482,
,,15,416,
,,991,866,
,,590,614,
,,44,965,
,,586,711,
,,152,239,
,,166,315,
,,9,601,
,,307,514,
,,390,226,
,,188,118,
,,207,585,
,,383,571,
,,210,782,
,,594,351,
,,156,273,
,,195,39,
,,316,956,
,,996,605,
,,380,630,
,,368,781,
,,832,902,
,,802,515,
,,378,512,
,,674,561,
,,717,894,
,,391,785,
,,441,461,
,,58,969,
,,641,99,
,,462,979,
,,628,651,
,,124,862,
,,877,364,
,,62,265,
,,178,685,
,,824,704,
,,218,21,
,,997,984,
,,623,179,
,,864,48,
,,79,947,
,,43,964,
,,1021,110,
,,893,977,
,,65,438,
,,153,574,
,,897,102,
,,440,666,
,,72,280,
,,374,70,
,,917,140,
,,570,613,
,,579,471,
,,358,418,
,,946,778,
,,278,808,
,,106,637,
,,477,684,
,,398,247,
,,615,170,
,,510,558,
,,329,206,
,,325,258,
,,507,814,
,,968,302,
,,479,63,
,,228,474,
,,443,985,
,,664,1,
,,457,381,
,,906,912,
,,620,236,
,,248,703,
,,659,966,
,,535,596,
,,822,951,
,,557,1011,
,,483,417,
,,910,526,
,,527,158,
,,1016,396,
,,546,362,
,,768,972,
,,795,101,
,,137,404,
,,780,121,
,,432,69,
,,861,481,
,,714,112,
,,68,771,
,,486,745,
,,266,52,
,,958,297,
,,464,341,
,,821,865,
,,450,213,
,,180,833,
,,393,986,
,,564,4,
,,581,419,
,,629,719,
,,442,245,
,,401,935,
,,898,447,
,,308,690,
,,675,530,
,,632,86,
,,925,1002,
,,215,160,
,,355,154,
,,949,222,
,,488,860,
,,709,25,
,,873,162,
,,198,161,
,,792,800,
,,292,602,
,,671,246,
,,840,269,
,,592,582,
,,672,828,
,,702,645,
,,789,869,
,,338,189,
,,1020,18,
,,513,521,
,,755,359,
,,624,737,
,,439,494,
,,336,918,
,,251,697,
,,830,705,
,,495,797,
,,397,523,
,,122,846,
,,915,502,
,,998,120,
,,937,944,
,,842,379,
,,960,890,
,,201,431,
,,1015,701,
,,384,190,
,,24,56,
,,863,270,
,,562,878,
,,114,577,
,,568,169,
,,382,791,
,,506,764,
,,543,600,
,,698,220,
,,168,631,
,,435,392,
,,676,252,
,,87,38,
,,559,313,
,,301,290,
,,5,759,
,,183,880,
,,588,681,
,,921,660,
,,434,217,
,,209,89,
,,994,763,
,,995,757,
,,976,229,
,,330,240,
,,66,807,
,,29,611,
,,23,19,
,,433,3,
,,306,345,
,,556,205,
,,448,970,
,,403,639,
,,131,827,
,,576,1014,
,,249,90,
,,816,540,
,,238,887,
,,593,718,
,,973,635,
,,882,1003,
,,7,376,
,,652,235,
,,216,257,
,,282,95,
,,854,809,
,,694,344,
,,33,244,
,,113,760,
,,465,100,
,,975,928,
,,458,223,
,,959,46,
,,17,28,
,,654,751,
,,723,267,
,,776,493,
,,656,680,
,,389,134,
,,555,531,
,,318,989,
,,394,284,
,,31,47,
,,50,881,
,,858,125,
,,57,109,
,,823,85,
,,459,361,
,,1004,636,
,,653,323,
,,961,638,
,,610,203,
,,138,82,
,,130,687,
,,413,386,
,,328,565,
,,357,736,
,,298,595,
,,616,449,
,,888,107,
,,648,149,
,,713,165,
,,454,901,
,,837,255,
,,76,847,
,,36,663,
,,11,741,
,,742,549,
,,619,304,
,,990,945,
,,1005,452,
,,80,696,
,,649,765,
,,334,1000,
,,127,466,
,,283,589,
,,850,490,
,,529,423,
,,786,943,
,,852,597,
,,987,81,
,,105,508,
,,497,202,
,,851,566,
,,132,872,
,,983,740,
,,904,96,
,,437,371,
,,518,668,
,,633,148,
,,196,309,
,,295,721,
,,516,8,
,,643,319,
,,857,1001,
,,485,468,
,,607,37,
,,119,272,
,,886,889,
,,913,856,
,,927,335,
,,185,706,
,,369,139,
,,604,275,
,,1019,60,
,,366,642,
,,813,312,
,,896,870,
,,688,900,
,,834,756,
,,647,27,
,,199,618,
,,730,167,
,,934,992,
,,1008,544,
,,953,661,
,,388,34,
,,726,831,
,,260,116,
,,993,26,
,,293,957,
,,905,348,
,,412,788,
,,227,724,
,,563,356,
,,117,914,
,,744,491,
,,281,798,
,,617,999,
,,542,53,
,,424,715,
,,41,700,
,,752,650,
,,263,1017,
,,748,271,
,,446,484,
,,784,163,
,,365,279,
,,541,826,
,,967,876,
,,12,982,
,,678,406,
,,73,456,
,,931,231,
,,769,1010,
,,504,939,
,,500,219,
,,108,77,
,,829,766,
,,321,911,
,,75,84,
,,843,405,
,,10,907,
,,342,805,
,,176,528,
,,835,519,
,,409,689,
,,708,164,
,,377,1022,
,,560,191,
,,35,436,
,,572,539,
,,733,859,
,,803,885,
,,820,728,
,,16,767,
,,599,810,
,,920,710,
,,867,819,
,,208,954,
,,695,670,
,,919,538,
,,135,147,
,,322,175,
,,177,774,
,,352,727,
,,54,916,
,,276,472,
,,350,801,
,,874,520,
,,0,408,
,,938,444,
,,415,895,
,,686,324,
,,844,172,
,,414,804,
,,569,677,
,,679,716,
,,13,606,
,,879,981,
,,534,891,
,,291,225,
,,729,59,
,,296,750,
,,662,286,
,,722,839,
,,151,779,
,,337,129,
,,811,738,
,,598,425,
,,567,285,
,,354,626,
,,331,923,
,,609,289,
,,746,428,
,,603,212,
,,314,673,
,,171,55,
,,489,1009,
,,310,204,
,,640,499,
,,326,343,
,,747,849,
,,470,492,
,,71,420,
,,1007,487,
,,327,583,
,,230,621,
,,262,739,
,,427,749,
,,505,469,
,,363,550,
,,187,537,
,,875,473,
,,536,51,
,,806,173,
,,91,360,
,,288,770,
,,299,142,
,,373,104,
,,997,139,
,,943,602,
,,381,964,
,,306,84,
,,108,292,
,,609,442,
,,647,913,
,,709,208,
,,727,518,
,,745,11,
,,162,897,
,,710,807,
,,301,659,
,,41,981,
,,217,137,
,,326,257,
,,919,784,
,,132,789,
,,830,0,
,,204,587,
,,508,121,
,,379,935,
,,416,890,
,,860,471,
,,276,165,
,,328,828,
,,408,322,
,,309,156,
,,296,642,
,,77,167,
,,5,187,
,,571,733,
,,621,877,
,,635,29,
,,307,594,
,,464,869,
,,458,510,
,,616,57,
,,590,36,
,,523,86,
,,918,850,
,,648,607,
,,31,105,
,,318,491,
,,800,152,
,,95,641,
,,65,415,
,,157,69,
,,34,358,
,,577,170,
,,469,554,
,,649,487,
,,479,565,
,,940,694,
,,178,308,
,,772,872,
,,468,737,
,,176,441,
,,56,251,
,,19,645,
,,436,570,
,,643,394,
,,424,229,
,,741,678,
,,329,697,
,,247,54,
,,485,250,
,,544,717,
,,459,898,
,,289,278,
,,617,366,
,,198,811,
,,23,1004,
,,698,891,
,,934,248,
,,738,370,
,,945,401,
,,377,747,
,,550,495,
,,456,492,
,,336,640,
,,274,906,
,,304,834,
,,85,623,
,,538,213,
,,506,636,
,,721,842,
,,863,438,
,,531,820,
,,489,205,
,,68,80,
,,851,568,
,,894,670,
,,228,175,
,,687,989,
,,960,177,
,,865,331,
,,131,116,
,,746,923,
,,561,96,
,,826,25,
,,764,983,
,,413,752,
,,742,994,
,,382,316,
,,876,443,
,,668,412,
,,1014,576,
,,610,135,
,,102,66,
,,395,723,
,,759,368,
,,173,867,
,,398,675,
,,28,755,
,,449,147,
,,125,153,
,,343,819,
,,535,765,
,,119,987,
,,971,973,
,,870,778,
,,1005,33,
,,419,706,
,,528,540,
,,858,560,
,,488,546,
,,968,599,
,,864,389,
,,545,383,
,,915,43,
,,327,345,
,,774,601,
,,958,908,
,,887,12,
,,781,299,
,,47,653,
,,202,805,
,,592,183,
,,392,330,
,,374,766,
,,334,112,
,,579,362,
,,597,351,
,,38,263,
,,433,504,
,,700,428,
,,832,273,
,,16,440,
,,558,206,
,,555,154,
,,536,472,
,,672,290,
,,502,595,
,,703,231,
,,638,26,
,,875,201,
,,497,549,
,,801,291,
,,437,829,
,,631,494,
,,999,689,
,,873,454,
,,376,434,
,,878,992,
,,81,35,
,,435,285,
,,115,714,
,,21,507,
,,563,768,
,,856,779,
,,498,240,
,,1003,235,
,,500,404,
,,189,957,
,,907,293,
,,969,861,
,,970,724,
,,921,886,
,,321,190,
,,448,284,
,,663,776,
,,420,100,
,,344,295,
,,160,163,
,,569,614,
,,70,191,
,,269,133,
,,813,393,
,,792,99,
,,809,512,
,,654,656,
,,282,106,
,,199,114,
,,888,527,
,,632,315,
,,684,172,
,,207,51,
,,543,348,
,,843,559,
,,581,771,
,,405,76,
,,313,310,
,,75,927,
,,677,477,
,,386,1020,
,,164,212,
,,967,180,
,,10,409,
,,961,688,
,,720,1015,
,,882,966,
,,991,541,
,,314,450,
,,566,839,
,,418,281,
,,149,236,
,,447,8,
,,335,679,
,,279,104,
,,7,342,
,,117,708,
,,378,24,
,,603,791,
,,626,557,
,,275,298,
,,780,124,
,,795,339,
,,142,58,
,,859,767,
,,129,134,
,,949,848,
,,798,954,
,,118,982,
,,534,461,
,,719,760,
,,630,944,
,,788,71,
,,769,716,
,,168,690,
,,1016,615,
,,414,505,
,,6,736,
,,473,526,
,,814,650,
,,39,715,
,,215,283,
,,9,355,
,,895,37,
,,161,666,
,,446,493,
,,881,701,
,,651,956,
,,122,166,
,,361,740,
,,219,831,
,,804,227,
,,272,556,
,,226,905,
,,4,866,
,,847,302,
,,140,808,
,,748,425,
,,262,939,
,,605,62,
,,730,1019,
,,258,107,
,,673,972,
,,520,266,
,,993,977,
,,27,1021,
,,840,674,
,,624,984,
,,60,542,
,,718,1011,
,,600,664,
,,457,59,
,,604,223,
,,661,474,
,,950,1023,
,,824,337,
,,916,486,
,,87,912,
,,427,639,
,,900,244,
,,113,588,
,,481,270,
,,319,280,
,,352,1001,
,,976,470,
,,396,426,
,,42,15,
,,619,1017,
,,93,238,
,,998,417,
,,618,572,
,,13,705,
,,91,562,
,,806,827,
,,925,637,
,,770,880,
,,628,917,
,,1012,711,
,,802,574,
,,823,439,
,,874,722,
,,889,288,
,,797,996,
,,822,763,
,,18,862,
,,145,696,
,,676,50,
,,681,3,
,,928,596,
,,246,613,
,,323,782,
,,975,857,
,,365,529,
,,810,499,
,,938,585,
,,1002,151,
,,431,1010,
,,750,893,
,,539,1022,
,,143,210,
,,911,267,
,,786,478,
,,148,920,
,,946,286,
,,660,195,
,,138,652,
,,910,744,
,,729,297,
,,821,513,
,,359,53,
,,390,225,
,,90,421,
,,357,816,
,,127,901,
,,937,88,
,,530,384,
,,680,216,
,,465,350,
,,482,406,
,,196,444,
,,885,833,
,,757,260,
,,586,203,
,,89,391,
,,598,904,
,,704,739,
,,324,325,
,,959,245,
,,995,702,
,,55,564,
,,751,72,
,,363,537,
,,985,109,
,,567,209,
,,879,611,
,,837,1007,
,,484,220,
,,169,130,
,,633,101,
,,265,179,
,,369,466,
,,252,762,
,,255,271,
,,110,397,
,,515,490,
,,52,230,
,,951,432,
,,341,835,
,,947,79,
,,171,986,
,,854,356,
,,852,222,
,,120,627,
,,354,990,
,,933,380,
,,521,423,
,,63,174,
,,914,963,
,,662,388,
,,931,902,
,,407,1,
,,686,188,
,,373,1008,
,,516,452,
,,896,218,
,,979,953,
,,249,82,
,,685,294,
,,44,48,
,,583,582,
,,360,1000,
,,593,371,
,,606,17,
,,728,158,
,,185,403,
